YEAR	CROPCODE	CROP_DESC	MON_CG	MON_CG_DESC	MON_LC	MON_LC_DESC	LC_MIDDENDETA	LC_MIDDENDETA_DESC	MON_VROEG_LAAT	IS_VROEG	IS_PERM_TEELT	IS_PERM_BEDEKKING	IS_BOUWLAND	IS_SUBSIDIABEL	IS_NIETSUBSIDIABEL
2023	3	Poelen <= 0,1 ha	MON_HEG_RIJ_POEL	MON_HEG_RIJ_POEL	MON_TYPE_IGNORE_LPIS	Gewassen die worden opgevolgd in LPIS	LC_MD_WATER	Water	MON_TEELTEN_LATE	0	1	0	0	1	0
2023	4	Houtkanten en houtwallen <= 10 m breed	MON_HEG_RIJ_POEL	MON_HEG_RIJ_POEL	MON_TYPE_IGNORE_LPIS	Gewassen die worden opgevolgd in LPIS	LC_MD_HOUTACHTIG	Houtachtige gewassen	MON_TEELTEN_LATE	0	1	0	0	1	0
2023	6	Begraasde niet-landbouwgrond	MON_GRASSEN_BRAAK_NIETSUB	MON_GRASSEN_BRAAK_NIETSUB	MON_TYPE_IGNORE_LPIS	Gewassen die worden opgevolgd in LPIS	LC_MD_OVERIGE	Overige gewassen	MON_TEELTEN_LATE	0	1	0	0	0	1
2023	8	Volkstuinpark	MON_ONBEKEND_MET_KLASSIFICATIE	Moeilijk met klassificatie	MON_TYPE_ONBEKEND_MET_KLASSIFICATIE	onbekend met klassificatie	LC_MD_OVERIGE	Overige gewassen	MON_TEELTEN_LATE	0	1	0	0	0	1
2023	9	Onverharde landingsbaan of veiligheidszones op vliegvelden	MON_GRASSEN_BRAAK_NIETSUB	MON_GRASSEN_BRAAK_NIETSUB	MON_TYPE_IGNORE_LPIS	Gewassen die worden opgevolgd in LPIS	LC_MD_OVERIGE	Overige gewassen	MON_TEELTEN_LATE	0	1	0	0	0	1
2023	11	Stal	MON_STAL_GEB	MON_STAL_GEB	MON_TYPE_IGNORE_LPIS	Gewassen die worden opgevolgd in LPIS	LC_MD_INFRASTRUCTUUR	Landbouwinfrastructuur	MON_TEELTEN_VROEGE	1	1	0	0	0	1
2023	12	Loods (bv. voor machines, opslag,…)	MON_STAL_GEB	MON_STAL_GEB	MON_TYPE_IGNORE_LPIS	Gewassen die worden opgevolgd in LPIS	LC_MD_INFRASTRUCTUUR	Landbouwinfrastructuur	MON_TEELTEN_VROEGE	1	1	0	0	0	1
2023	13	Niet nader omschreven gebouw	MON_STAL_GEB	MON_STAL_GEB	MON_TYPE_IGNORE_LPIS	Gewassen die worden opgevolgd in LPIS	LC_MD_INFRASTRUCTUUR	Landbouwinfrastructuur	MON_TEELTEN_VROEGE	1	1	0	0	0	1
2023	14	Woonhuis	MON_STAL_GEB	MON_STAL_GEB	MON_TYPE_IGNORE_LPIS	Gewassen die worden opgevolgd in LPIS	LC_MD_INFRASTRUCTUUR	Landbouwinfrastructuur	MON_TEELTEN_VROEGE	1	1	0	0	0	1
2023	15	Gebouw i.k.v. verbreding	MON_STAL_GEB	MON_STAL_GEB	MON_TYPE_IGNORE_LPIS	Gewassen die worden opgevolgd in LPIS	LC_MD_INFRASTRUCTUUR	Landbouwinfrastructuur	MON_TEELTEN_VROEGE	1	1	0	0	0	1
2023	16	Ander gebouw	MON_STAL_GEB	MON_STAL_GEB	MON_TYPE_IGNORE_LPIS	Gewassen die worden opgevolgd in LPIS	LC_MD_INFRASTRUCTUUR	Landbouwinfrastructuur	MON_TEELTEN_VROEGE	1	1	0	0	0	1
2023	17	Biologische niet-landbouwgrond	MON_MOEILIJK_ZONDER_KLASSIFICATIE_NS	Type moeilijk zonder klassificatie	MON_TYPE_MOEILIJK_ZONDER_KLASSIFICATIE_NS	moeilijk zonder klassificatie niet subsidiabel			MON_TEELTEN_VROEGE	1	0	0	0	0	0
2023	34	Japanse haver	MON_HAVER	Haver	MON_TYPE_BOUWLAND	bouwland	LC_MD_GRA_ZA_PEUL	Granen, zaden en peulvruchten	MON_TEELTEN_LATE	0	0	0	1	1	0
2023	35	Triticale	MON_TRITICALE	Triticale	MON_TYPE_BOUWLAND	bouwland	LC_MD_GRA_ZA_PEUL	Granen, zaden en peulvruchten	MON_TEELTEN_VROEGE	1	0	0	1	1	0
2023	36	Spelt	MON_SPELT	Spelt	MON_TYPE_BOUWLAND	bouwland	LC_MD_GRA_ZA_PEUL	Granen, zaden en peulvruchten	MON_TEELTEN_VROEGE	1	0	0	1	1	0
2023	37	Boekweit	MON_BOEKWEIT	Boekweit	MON_TYPE_BOUWLAND	bouwland	LC_MD_GRA_ZA_PEUL	Granen, zaden en peulvruchten	MON_TEELTEN_VROEGE	1	0	0	1	1	0
2023	39	Andere granen (bv. Mengkoren)	MON_ANDERE_SUBSIDIABELE_GEWASSEN_AKKERBOUW	Andere subsidiabele gewassen akkerbouw - gebruik: perceelsmonitoring	MON_TYPE_BOUWLAND	bouwland	LC_MD_GRA_ZA_PEUL	Granen, zaden en peulvruchten	MON_TEELTEN_VROEGE	1	0	0	1	1	0
2023	42	Zonnebloempitten	MON_ZONNEBLOEM	Zonnebloem	MON_TYPE_BOUWLAND	bouwland	LC_MD_GRA_ZA_PEUL	Granen, zaden en peulvruchten	MON_TEELTEN_LATE	0	0	0	1	1	0
2023	43	Sojabonen	MON_SOJABONEN	Sojabonen	MON_TYPE_VLINDERBLOEMIGEN	vlinderbloemigen	LC_MD_GRA_ZA_PEUL	Granen, zaden en peulvruchten	MON_TEELTEN_LATE	0	0	0	1	1	0
2023	44	Andere oliehoudende zaden	MON_ANDERE_SUBSIDIABELE_GEWASSEN_AKKERBOUW	Andere subsidiabele gewassen akkerbouw - gebruik: perceelsmonitoring	MON_TYPE_BOUWLAND	bouwland	LC_MD_GRA_ZA_PEUL	Granen, zaden en peulvruchten	MON_TEELTEN_LATE	0	0	0	1	1	0
2023	45	Olievlas (geen vezelvlas)	MON_VLAS	Vlas	MON_TYPE_BOUWLAND	bouwland	LC_MD_VLAS_HENNEP	Vlas en hennep	MON_TEELTEN_VROEGE	1	0	0	1	1	0
2023	47	Goudsbloem	MON_ONBEKEND_MET_KLASSIFICATIE	Moeilijk met klassificatie	MON_TYPE_ONBEKEND_MET_KLASSIFICATIE	onbekend met klassificatie	LC_MD_OVERIGE	Overige gewassen	MON_TEELTEN_VROEGE	1	0	0	1	1	0
2023	48	Deder/huttentut	MON_ONBEKEND_MET_KLASSIFICATIE	Moeilijk met klassificatie	MON_TYPE_ONBEKEND_MET_KLASSIFICATIE	onbekend met klassificatie			MON_TEELTEN_VROEGE	1	0	0	1	1	0
2023	52	Tuinbonen (niet voor menselijke consumptie)	MON_WIKKEN	Wikken	MON_TYPE_VLINDERBLOEMIGEN	vlinderbloemigen	LC_MD_GRA_ZA_PEUL	Granen, zaden en peulvruchten	MON_TEELTEN_VROEGE	1	0	0	1	1	0
2023	53	Niet-bittere lupinen	MON_LUPINEN	Lupinen	MON_TYPE_VLINDERBLOEMIGEN	vlinderbloemigen	LC_MD_GRA_ZA_PEUL	Granen, zaden en peulvruchten	MON_TEELTEN_LATE	0	0	0	1	1	0
2023	60	Grasland	MON_GRASSEN	Grassen	MON_TYPE_GRASSEN	grassen	LC_MD_GRASLAND	Grasland	MON_TEELTEN_LATE	0	0	1	1	1	0
2023	63	Graskruiden mengsel	MON_GRASSEN	Grassen	MON_TYPE_GRASSEN	grassen	LC_MD_GRASLAND	Grasland	MON_TEELTEN_LATE	0	0	1	1	1	0
2023	71	Voederbieten	MON_BIETEN	Bieten	MON_TYPE_BOUWLAND	bouwland	LC_MD_VOEDERGEWASSEN	Voedergewassen	MON_TEELTEN_LATE	0	0	0	1	1	0
2023	81	Braakliggend land zonder onderhoud	MON_BRAAK	Braak	MON_TYPE_BRAAK	braak	LC_MD_OVERIGE	Overige gewassen	MON_TEELTEN_LATE	0	0	1	0	0	1
2023	82	Braakliggend land met onderhoud	MON_BRAAK	Braak	MON_TYPE_BRAAK	braak	LC_MD_OVERIGE	Overige gewassen	MON_TEELTEN_LATE	0	0	0	1	1	0
2023	85	Andere bedekking	MON_ONBEKEND_MET_KLASSIFICATIE	Moeilijk met klassificatie	MON_TYPE_ONBEKEND_MET_KLASSIFICATIE	onbekend met klassificatie	LC_MD_OVERIGE	Overige gewassen	MON_TEELTEN_LATE	0	0	0	0	0	1
2023	91	Suikerbieten	MON_BIETEN	Bieten	MON_TYPE_BOUWLAND	bouwland	LC_MD_SUIKERBIETEN	Suikerbieten	MON_TEELTEN_LATE	0	0	0	1	1	0
2023	94	Snijbonen - vers	MON_BONEN	Bonen	MON_TYPE_VLINDERBLOEMIGEN	vlinderbloemigen	LC_MD_GROEN_KRU_SIE	Groenten, kruiden en sierplanten	MON_TEELTEN_VROEGE	1	0	0	1	1	0
2023	96	Niet-eetbare tuinbouwgewassen	MON_ANDERE_SUBSIDIABELE_GEWASSEN_AKKERBOUW	Andere subsidiabele gewassen akkerbouw - gebruik: perceelsmonitoring	MON_TYPE_BOUWLAND	bouwland	LC_MD_OVERIGE	Overige gewassen	MON_TEELTEN_LATE	0	0	0	1	1	0
2023	98	Faunamengsel	MON_MENGSEL_BRAAK	Mengsel braak	MON_TYPE_BRAAK	braak	LC_MD_GRA_ZA_PEUL	Granen, zaden en peulvruchten	MON_TEELTEN_LATE	0	0	0	1	1	0
2023	99	Teelt niet vast te stellen	MON_ONBEKEND_MET_KLASSIFICATIE	Moeilijk met klassificatie	MON_TYPE_ONBEKEND_MET_KLASSIFICATIE	onbekend met klassificatie	LC_MD_OVERIGE	Overige gewassen	MON_TEELTEN_VROEGE	1	0	0	0	0	0
2023	100	Niet ingezaaid akkerland	MON_BOUWLAND_ONBEKEND	Bouwland, maar onbekend welk	MON_TYPE_BOUWLAND	bouwland	LC_MD_OVERIGE	Overige gewassen	MON_TEELTEN_VROEGE	1	0	0	1	1	0
2023	201	Silomaïs	MON_MAIS	Maïs	MON_TYPE_BOUWLAND	bouwland	LC_MD_MAIS	Maïs	MON_TEELTEN_LATE	0	0	0	1	1	0
2023	202	Korrelmaïs	MON_MAIS	Maïs	MON_TYPE_BOUWLAND	bouwland	LC_MD_MAIS	Maïs	MON_TEELTEN_LATE	0	0	0	1	1	0
2023	311	Wintertarwe	MON_TARWE_WINTER	Wintertarwe	MON_TYPE_BOUWLAND	bouwland	LC_MD_GRA_ZA_PEUL	Granen, zaden en peulvruchten	MON_TEELTEN_VROEGE	1	0	0	1	1	0
2023	312	Zomertarwe	MON_TARWE	Tarwe	MON_TYPE_BOUWLAND	bouwland	LC_MD_GRA_ZA_PEUL	Granen, zaden en peulvruchten	MON_TEELTEN_VROEGE	1	0	0	1	1	0
2023	321	Wintergerst	MON_GERST_WINTER	Wintergerst	MON_TYPE_BOUWLAND	bouwland	LC_MD_GRA_ZA_PEUL	Granen, zaden en peulvruchten	MON_TEELTEN_VROEGE	1	0	0	1	1	0
2023	322	Zomergerst	MON_GERST	Gerst	MON_TYPE_BOUWLAND	bouwland	LC_MD_GRA_ZA_PEUL	Granen, zaden en peulvruchten	MON_TEELTEN_VROEGE	1	0	0	1	1	0
2023	323	Brouwgerst	MON_GERST	Gerst	MON_TYPE_BOUWLAND	bouwland	LC_MD_GRA_ZA_PEUL	Granen, zaden en peulvruchten	MON_TEELTEN_VROEGE	1	0	0	1	1	0
2023	331	Winterrogge	MON_ROGGE_WINTER	Winterrogge	MON_TYPE_BOUWLAND	bouwland	LC_MD_GRA_ZA_PEUL	Granen, zaden en peulvruchten	MON_TEELTEN_VROEGE	1	0	0	1	1	0
2023	332	Zomerrogge	MON_ROGGE	Rogge	MON_TYPE_BOUWLAND	bouwland	LC_MD_GRA_ZA_PEUL	Granen, zaden en peulvruchten	MON_TEELTEN_VROEGE	1	0	0	1	1	0
2023	341	Winterhaver	MON_HAVER_WINTER	Haver winter	MON_TYPE_BOUWLAND	bouwland	LC_MD_GRA_ZA_PEUL	Granen, zaden en peulvruchten	MON_TEELTEN_VROEGE	1	0	0	1	1	0
2023	342	Zomerhaver	MON_HAVER	Haver	MON_TYPE_BOUWLAND	bouwland	LC_MD_GRA_ZA_PEUL	Granen, zaden en peulvruchten	MON_TEELTEN_VROEGE	1	0	0	1	1	0
2023	381	Sorghum	MON_SORGHUM	Sorghum	MON_TYPE_BOUWLAND	bouwland	LC_MD_GRA_ZA_PEUL	Granen, zaden en peulvruchten	MON_TEELTEN_VROEGE	1	0	0	1	1	0
2023	382	Quinoa	MON_QUINOA	Quinoa	MON_TYPE_BOUWLAND	bouwland	LC_MD_GRA_ZA_PEUL	Granen, zaden en peulvruchten	MON_TEELTEN_LATE	0	0	0	1	1	0
2023	383	Gierst	MON_PANICUM	Panicum	MON_TYPE_BOUWLAND	bouwland	LC_MD_GRA_ZA_PEUL	Granen, zaden en peulvruchten	MON_TEELTEN_VROEGE	1	0	0	1	1	0
2023	384	Kanariezaad	MON_PHALARIS	Phalaris	MON_TYPE_BOUWLAND	bouwland	LC_MD_GRA_ZA_PEUL	Granen, zaden en peulvruchten	MON_TEELTEN_LATE	0	0	0	1	1	0
2023	391	Mengteelt andere wintergranen en winterteelt vlinderbloemige	MON_ANDERE_SUBSIDIABELE_GEWASSEN_AKKERBOUW	Andere subsidiabele gewassen akkerbouw - gebruik: perceelsmonitoring	MON_TYPE_BOUWLAND	bouwland	LC_MD_VOEDERGEWASSEN	Voedergewassen	MON_TEELTEN_VROEGE	1	0	0	1	1	0
2023	392	Mengteelt zomergranen en zomerteelt vlinderbloemige	MON_ANDERE_SUBSIDIABELE_GEWASSEN_AKKERBOUW	Andere subsidiabele gewassen akkerbouw - gebruik: perceelsmonitoring	MON_TYPE_BOUWLAND	bouwland	LC_MD_VOEDERGEWASSEN	Voedergewassen	MON_TEELTEN_VROEGE	1	0	0	1	1	0
2023	395	Mengteelt wintertarwe of triticale en winterteelt vlinderbloemige	MON_ANDERE_SUBSIDIABELE_GEWASSEN_AKKERBOUW	Andere subsidiabele gewassen akkerbouw - gebruik: perceelsmonitoring	MON_TYPE_BOUWLAND	bouwland	LC_MD_VOEDERGEWASSEN	Voedergewassen	MON_TEELTEN_VROEGE	1	0	0	1	1	0
2023	396	Mengteelt maïs en vlinderbloemige teelt	MON_ANDERE_SUBSIDIABELE_GEWASSEN_AKKERBOUW	Andere subsidiabele gewassen akkerbouw - gebruik: perceelsmonitoring	MON_TYPE_BOUWLAND	bouwland	LC_MD_VOEDERGEWASSEN	Voedergewassen	MON_TEELTEN_LATE	0	0	0	1	1	0
2023	451	Wintervlas (olieproductie)	MON_VLAS_WINTER	Wintervlas	MON_TYPE_BOUWLAND	bouwland	LC_MD_VLAS_HENNEP	Vlas en hennep	MON_TEELTEN_VROEGE	1	0	0	1	1	0
2023	511	Voedererwten (winterteelt) - niet menselijke consumptie	MON_ERWTEN	Erwten	MON_TYPE_VLINDERBLOEMIGEN	vlinderbloemigen	LC_MD_GRA_ZA_PEUL	Granen, zaden en peulvruchten	MON_TEELTEN_VROEGE	1	0	0	1	1	0
2023	512	Voedererwten (zomerteelt) - niet menselijke consumptie	MON_ERWTEN	Erwten	MON_TYPE_VLINDERBLOEMIGEN	vlinderbloemigen	LC_MD_GRA_ZA_PEUL	Granen, zaden en peulvruchten	MON_TEELTEN_VROEGE	1	0	0	1	1	0
2023	513	Drooggeoogste erwten (voor menselijke consumptie)	MON_ERWTEN	Erwten	MON_TYPE_VLINDERBLOEMIGEN	vlinderbloemigen	LC_MD_GRA_ZA_PEUL	Granen, zaden en peulvruchten	MON_TEELTEN_VROEGE	1	0	0	1	1	0
2023	521	Winterveldbonen - niet menselijke consumptie	MON_WIKKEN	Wikken	MON_TYPE_VLINDERBLOEMIGEN	vlinderbloemigen	LC_MD_GRA_ZA_PEUL	Granen, zaden en peulvruchten	MON_TEELTEN_VROEGE	1	0	0	1	1	0
2023	522	Zomerveldbonen - niet menselijke consumptie	MON_WIKKEN	Wikken	MON_TYPE_VLINDERBLOEMIGEN	vlinderbloemigen	LC_MD_GRA_ZA_PEUL	Granen, zaden en peulvruchten	MON_TEELTEN_VROEGE	1	0	0	1	1	0
2023	523	Drooggeoogste Vicia bonen (voor menselijke consumptie)	MON_WIKKEN	Wikken	MON_TYPE_VLINDERBLOEMIGEN	vlinderbloemigen	LC_MD_GRA_ZA_PEUL	Granen, zaden en peulvruchten	MON_TEELTEN_VROEGE	1	0	0	1	1	0
2023	524	Drooggeoogste Phaseolus bonen (voor menselijke consumptie)	MON_WIKKEN	Wikken	MON_TYPE_VLINDERBLOEMIGEN	vlinderbloemigen	LC_MD_GRA_ZA_PEUL	Granen, zaden en peulvruchten	MON_TEELTEN_VROEGE	1	0	0	1	1	0
2023	601	Zaaizaad grassen	MON_GRASSEN	Grassen	MON_TYPE_GRASSEN	grassen	LC_MD_GRASLAND	Grasland	MON_TEELTEN_VROEGE	1	0	0	1	1	0
2023	602	Teeltmateriaal wijnstokken	MON_BOOMSIER	Boomkweek en sierplanten	MON_TYPE_BOOMSIER	boomkweek en sierplanten	LC_MD_HOUTACHTIG	Houtachtige gewassen	MON_TEELTEN_VROEGE	1	1	0	0	1	0
2023	603	Zaaizaad graangewassen	MON_ANDERE_SUBSIDIABELE_GEWASSEN_AKKERBOUW	Andere subsidiabele gewassen akkerbouw - gebruik: perceelsmonitoring	MON_TYPE_BOUWLAND	bouwland	LC_MD_GRA_ZA_PEUL	Granen, zaden en peulvruchten	MON_TEELTEN_VROEGE	1	0	0	1	1	0
2023	604	Zaaizaad olie- en vezelhoudende planten	MON_ANDERE_SUBSIDIABELE_GEWASSEN_AKKERBOUW	Andere subsidiabele gewassen akkerbouw - gebruik: perceelsmonitoring	MON_TYPE_BOUWLAND	bouwland	LC_MD_GRA_ZA_PEUL	Granen, zaden en peulvruchten	MON_TEELTEN_VROEGE	1	0	0	1	1	0
2023	605	Zaaizaad groenten	MON_ANDERE_SUBSIDIABELE_GEWASSEN_GROENTEN	Andere subsidiabele gewassen groenten - gebruik: perceelsmonitoring	MON_TYPE_BOUWLAND	bouwland	LC_MD_GROEN_KRU_SIE	Groenten, kruiden en sierplanten	MON_TEELTEN_VROEGE	1	0	0	1	1	0
2023	606	Zaaizaad voedergewassen	MON_ANDERE_SUBSIDIABELE_GEWASSEN_AKKERBOUW	Andere subsidiabele gewassen akkerbouw - gebruik: perceelsmonitoring	MON_TYPE_BOUWLAND	bouwland	LC_MD_VOEDERGEWASSEN	Voedergewassen	MON_TEELTEN_VROEGE	1	0	0	1	1	0
2023	634	Mengsel met overwegend Japanse haver en vlinderbloemigen	MON_HAVER	Haver	MON_TYPE_BOUWLAND	bouwland	LC_MD_GRA_ZA_PEUL	Granen, zaden en peulvruchten	MON_TEELTEN_VROEGE	1	0	0	1	1	0
2023	635	Mengsel met overwegend Japanse haver zonder vlinderbloemigen	MON_HAVER	Haver	MON_TYPE_BOUWLAND	bouwland	LC_MD_GRA_ZA_PEUL	Granen, zaden en peulvruchten	MON_TEELTEN_VROEGE	1	0	0	1	1	0
2023	638	Festulolium	MON_GRASSEN	Grassen	MON_TYPE_GRASSEN	grassen	LC_MD_OVERIGE	Overige gewassen	MON_TEELTEN_LATE	0	0	1	1	1	0
2023	639	Snijrogge	MON_ROGGE	Rogge	MON_TYPE_BOUWLAND	bouwland	LC_MD_OVERIGE	Overige gewassen	MON_TEELTEN_VROEGE	1	0	0	1	1	0
2023	643	Gele mosterd	MON_GELE_MOSTERD	Gele mosterd	MON_TYPE_BOUWLAND	bouwland	LC_MD_OVERIGE	Overige gewassen	MON_TEELTEN_VROEGE	1	0	0	1	1	0
2023	644	Lupinen	MON_LUPINEN	Lupinen	MON_TYPE_VLINDERBLOEMIGEN	vlinderbloemigen	LC_MD_OVERIGE	Overige gewassen	MON_TEELTEN_LATE	0	0	0	1	1	0
2023	645	Phacelia	MON_FACELIA	Facelia	MON_TYPE_BOUWLAND	bouwland	LC_MD_OVERIGE	Overige gewassen	MON_TEELTEN_LATE	0	0	0	1	1	0
2023	646	Tagetes (Afrikaantje)	MON_TAGETES_AFRIKAANTJE	Tagetes (Afrikaantje)	MON_TYPE_BOUWLAND	bouwland	LC_MD_OVERIGE	Overige gewassen	MON_TEELTEN_VROEGE	1	0	0	1	1	0
2023	647	Andere niet-vlinderbloemige groenbedekker	MON_ANDERE_SUBSIDIABELE_GEWASSEN_AKKERBOUW	Andere subsidiabele gewassen akkerbouw - gebruik: perceelsmonitoring	MON_TYPE_BOUWLAND	bouwland	LC_MD_OVERIGE	Overige gewassen	MON_TEELTEN_LATE	0	0	0	1	1	0
2023	648	Andere vlinderbloemige groenbedekker	MON_VLINDERBLOEMIGEN	Vlinderbloemigen	MON_TYPE_VLINDERBLOEMIGEN	vlinderbloemigen	LC_MD_OVERIGE	Overige gewassen	MON_TEELTEN_VROEGE	1	0	0	1	1	0
2023	649	Nyger	MON_NYGER	Nyger	MON_TYPE_BOUWLAND	bouwland	LC_MD_OVERIGE	Overige gewassen	MON_TEELTEN_LATE	0	0	0	1	1	0
2023	651	Nootzoetraapzaad	MON_RAAPACHTIGEN	Raapachtigen	MON_TYPE_BOUWLAND	bouwland	LC_MD_OVERIGE	Overige gewassen	MON_TEELTEN_LATE	0	0	0	1	1	0
2023	652	Komkommerkruid	MON_KOMKOMMERKRUID	Komkommerkruid	MON_TYPE_BOUWLAND	bouwland	LC_MD_OVERIGE	Overige gewassen	MON_TEELTEN_LATE	0	0	0	1	1	0
2023	654	Zwaardherik	MON_ZWAARDHERIK	Zwaardherik	MON_TYPE_BOUWLAND	bouwland	LC_MD_OVERIGE	Overige gewassen	MON_TEELTEN_LATE	0	0	0	1	1	0
2023	655	Sareptamosterd	MON_MOSTERD	Mosterd	MON_TYPE_BOUWLAND	bouwland	LC_MD_OVERIGE	Overige gewassen	MON_TEELTEN_LATE	0	0	0	1	1	0
2023	656	Bladrammenas	MON_RADIJSACHTIGEN	Radijsachtigen	MON_TYPE_BOUWLAND	bouwland	LC_MD_OVERIGE	Overige gewassen	MON_TEELTEN_VROEGE	1	0	0	1	1	0
2023	657	Gras in onderzaai	MON_ONBEKEND_MET_KLASSIFICATIE	Moeilijk met klassificatie	MON_TYPE_ONBEKEND_MET_KLASSIFICATIE	onbekend met klassificatie	LC_MD_OVERIGE	Overige gewassen	MON_TEELTEN_LATE	0	0	0	1	1	0
2023	658	Mengsel met 1 of meer vlinderbloemige groenbedekkers	MON_MENGSEL	Mengsel	MON_TYPE_BOUWLAND	bouwland	LC_MD_OVERIGE	Overige gewassen	MON_TEELTEN_LATE	0	0	0	1	1	0
2023	659	Mengsel van niet-vlinderbloemige groenbedekkers	MON_MENGSEL	Mengsel	MON_TYPE_BOUWLAND	bouwland	LC_MD_OVERIGE	Overige gewassen	MON_TEELTEN_LATE	0	0	0	1	1	0
2023	660	Grasluzerne	MON_GRASSEN	Grassen	MON_TYPE_GRASSEN	grassen	LC_MD_VOEDERGEWASSEN	Voedergewassen	MON_TEELTEN_LATE	0	0	0	1	1	0
2023	661	Vlinderbloemigen in onderzaai	MON_ONBEKEND_MET_KLASSIFICATIE	Moeilijk met klassificatie	MON_TYPE_ONBEKEND_MET_KLASSIFICATIE	onbekend met klassificatie	LC_MD_OVERIGE	Overige gewassen	MON_TEELTEN_LATE	0	0	0	1	1	0
2023	700	Grasklaver	MON_GRASSEN	Grassen	MON_TYPE_GRASSEN	grassen	LC_MD_VOEDERGEWASSEN	Voedergewassen	MON_TEELTEN_LATE	0	0	0	1	1	0
2023	721	Eenjarige klaver	MON_KLAVER	Klaver	MON_TYPE_VLINDERBLOEMIGEN	vlinderbloemigen	LC_MD_VOEDERGEWASSEN	Voedergewassen	MON_TEELTEN_LATE	0	0	1	1	1	0
2023	722	Meerjarige klaver	MON_KLAVER	Klaver	MON_TYPE_VLINDERBLOEMIGEN	vlinderbloemigen	LC_MD_VOEDERGEWASSEN	Voedergewassen	MON_TEELTEN_LATE	0	0	1	1	1	0
2023	723	Rode klaver	MON_KLAVER	Klaver	MON_TYPE_VLINDERBLOEMIGEN	vlinderbloemigen	LC_MD_VOEDERGEWASSEN	Voedergewassen	MON_TEELTEN_LATE	0	0	0	1	1	0
2023	731	Eenjarige luzerne	MON_LUZERNE	Luzerne	MON_TYPE_VLINDERBLOEMIGEN	vlinderbloemigen	LC_MD_VOEDERGEWASSEN	Voedergewassen	MON_TEELTEN_LATE	0	0	1	1	1	0
2023	732	Meerjarige luzerne	MON_LUZERNE	Luzerne	MON_TYPE_VLINDERBLOEMIGEN	vlinderbloemigen	LC_MD_VOEDERGEWASSEN	Voedergewassen	MON_TEELTEN_LATE	0	0	1	1	1	0
2023	741	Voederkool (bladkool)	MON_KOOLACHTIGEN	Koolachtigen	MON_TYPE_BOUWLAND	bouwland	LC_MD_VOEDERGEWASSEN	Voedergewassen	MON_TEELTEN_LATE	0	0	0	1	1	0
2023	742	Voederwortelen	MON_WORTEL	Wortel	MON_TYPE_BOUWLAND	bouwland	LC_MD_VOEDERGEWASSEN	Voedergewassen	MON_TEELTEN_LATE	0	0	0	1	1	0
2023	743	Andere voedergewassen	MON_ANDERE_SUBSIDIABELE_GEWASSEN_AKKERBOUW	Andere subsidiabele gewassen akkerbouw - gebruik: perceelsmonitoring	MON_TYPE_BOUWLAND	bouwland	LC_MD_VOEDERGEWASSEN	Voedergewassen	MON_TEELTEN_LATE	0	0	0	1	1	0
2023	744	Mengsel van vlinderbloemigen	MON_VLINDERBLOEMIGEN	Vlinderbloemigen	MON_TYPE_VLINDERBLOEMIGEN	vlinderbloemigen	LC_MD_VOEDERGEWASSEN	Voedergewassen	MON_TEELTEN_LATE	0	0	1	1	1	0
2023	745	Mengsel van gras en vlinderbloemigen (andere dan grasklaver of grasluzerne)	MON_GRASSEN	Grassen	MON_TYPE_GRASSEN	grassen	LC_MD_VOEDERGEWASSEN	Voedergewassen	MON_TEELTEN_LATE	0	0	1	1	1	0
2023	746	Voederrapen	MON_VOEDERRAPEN	Voederrapen	MON_TYPE_BOUWLAND	bouwland	LC_MD_VOEDERGEWASSEN	Voedergewassen	MON_TEELTEN_LATE	0	0	0	1	1	0
2023	747	Wikke	MON_WIKKEN	Wikken	MON_TYPE_VLINDERBLOEMIGEN	vlinderbloemigen	LC_MD_VOEDERGEWASSEN	Voedergewassen	MON_TEELTEN_LATE	0	0	0	1	1	0
2023	749	Mengsel met 1 of meerdere vlinderbloemigen	MON_VLINDERBLOEMIGEN	Vlinderbloemigen	MON_TYPE_VLINDERBLOEMIGEN	vlinderbloemigen	LC_MD_VOEDERGEWASSEN	Voedergewassen	MON_TEELTEN_VROEGE	1	0	1	1	1	0
2023	831	Erwten (andere dan droog geoogst) - industrie	MON_ERWTEN	Erwten	MON_TYPE_VLINDERBLOEMIGEN	vlinderbloemigen	LC_MD_GROEN_KRU_SIE	Groenten, kruiden en sierplanten	MON_TEELTEN_VROEGE	1	0	0	1	1	0
2023	832	Tuin- en veldbonen (Vicia faba) - industrie	MON_WIKKEN	Wikken	MON_TYPE_VLINDERBLOEMIGEN	vlinderbloemigen	LC_MD_GROEN_KRU_SIE	Groenten, kruiden en sierplanten	MON_TEELTEN_VROEGE	1	0	0	1	1	0
2023	856	Andere kruiden -  industrie	MON_ANDERE_SUBSIDIABELE_GEWASSEN_AKKERBOUW	Andere subsidiabele gewassen akkerbouw - gebruik: perceelsmonitoring	MON_TYPE_BOUWLAND	bouwland	LC_MD_GROEN_KRU_SIE	Groenten, kruiden en sierplanten	MON_TEELTEN_LATE	0	0	0	1	1	0
2023	858	Andere meerjarige kruiden - industrie	MON_ANDERE_SUBSIDIABELE_GEWASSEN_AKKERBOUW	Andere subsidiabele gewassen akkerbouw - gebruik: perceelsmonitoring	MON_TYPE_BOUWLAND	bouwland	LC_MD_GROEN_KRU_SIE	Groenten, kruiden en sierplanten	MON_TEELTEN_LATE	0	1	1	0	1	0
2023	859	Peterselie - industrie	MON_PETERSELIE	Peterselie	MON_TYPE_BOUWLAND	bouwland	LC_MD_GROEN_KRU_SIE	Groenten, kruiden en sierplanten	MON_TEELTEN_VROEGE	1	0	0	1	1	0
2023	860	Kervel - industrie	MON_KERVEL	Kervel	MON_TYPE_BOUWLAND	bouwland	LC_MD_GROEN_KRU_SIE	Groenten, kruiden en sierplanten	MON_TEELTEN_VROEGE	1	0	0	1	1	0
2023	863	Wortelpeterselie - industrie	MON_PETERSELIE	Peterselie	MON_TYPE_BOUWLAND	bouwland	LC_MD_GROEN_KRU_SIE	Groenten, kruiden en sierplanten	MON_TEELTEN_LATE	0	0	0	1	1	0
2023	864	Basilicum - industrie	MON_BASILICUM	Basilicum	MON_TYPE_BOUWLAND	bouwland	LC_MD_GROEN_KRU_SIE	Groenten, kruiden en sierplanten	MON_TEELTEN_VROEGE	1	0	0	1	1	0
2023	865	Bieslook - industrie	MON_LOOKACHTIGEN	Lookachtigen	MON_TYPE_BOUWLAND	bouwland	LC_MD_GROEN_KRU_SIE	Groenten, kruiden en sierplanten	MON_TEELTEN_VROEGE	1	0	0	0	1	0
2023	872	Andere hennep dan vezelhennep (niet voor menselijke consumptie)	MON_HENNEP	Hennep	MON_TYPE_BOUWLAND	bouwland	LC_MD_VLAS_HENNEP	Vlas en hennep	MON_TEELTEN_VROEGE	1	0	0	1	1	0
2023	881	Engelwortel - vers	MON_ENGELWORTEL	Engelwortel	MON_TYPE_BOUWLAND	bouwland	LC_MD_GROEN_KRU_SIE	Groenten, kruiden en sierplanten	MON_TEELTEN_VROEGE	1	0	0	1	1	0
2023	882	Mariadistel	MON_MARIADISTEL	Mariadistel	MON_TYPE_BOUWLAND	bouwland	LC_MD_OVERIGE	Overige gewassen	MON_TEELTEN_LATE	0	0	1	1	1	0
2023	883	Bebossing (korte omlooptijd)	MON_MOEILIJK_ZONDER_KLASSIFICATIE	Moeilijk zonder klassificatie	MON_TYPE_MOEILIJK_ZONDER_KLASSIFICATIE	moeilijk zonder klassificatie	LC_MD_HOUTACHTIG	Houtachtige gewassen	MON_TEELTEN_LATE	0	1	1	0	1	0
2023	884	Miscanthus	MON_MISCANTHUS	MON_MISCANTHUS	MON_TYPE_MOEILIJK_ZONDER_KLASSIFICATIE	moeilijk zonder klassificatie	LC_MD_OVERIGE	Overige gewassen	MON_TEELTEN_LATE	0	1	1	0	1	0
2023	894	Bebossing met contract voor 2008	MON_BOS	MON_BOS	MON_TYPE_BOS	bos	LC_MD_HOUTACHTIG	Houtachtige gewassen	MON_TEELTEN_LATE	0	1	1	0	1	0
2023	895	Bomen in groep	MON_BOS	MON_BOS	MON_TYPE_BOS	bos	LC_MD_HOUTACHTIG	Houtachtige gewassen	MON_TEELTEN_LATE	0	1	1	0	1	0
2023	898	Permacultuur	MON_MOEILIJK_ZONDER_KLASSIFICATIE	Moeilijk zonder klassificatie	MON_TYPE_MOEILIJK_ZONDER_KLASSIFICATIE	moeilijk zonder klassificatie	LC_MD_OVERIGE	Overige gewassen	MON_TEELTEN_LATE	0	1	1	0	1	0
2023	899	Rotatieteelt van groentegewassen (vb pluktuin)	MON_ANDERE_SUBSIDIABELE_GEWASSEN_GROENTEN	Andere subsidiabele gewassen groenten - gebruik: perceelsmonitoring	MON_TYPE_BOUWLAND	bouwland	LC_MD_GROEN_KRU_SIE	Groenten, kruiden en sierplanten	MON_TEELTEN_VROEGE	1	0	0	1	1	0
2023	901	Aardappelen (geplande oogst vanaf 1/9)	MON_AARDAPPELEN	Aardappelen	MON_TYPE_BOUWLAND	bouwland	LC_MD_AARDAPPELEN	Aardappelen	MON_TEELTEN_LATE	0	0	0	1	1	0
2023	904	Aardappelen (geplande oogst voor 1/9)	MON_AARDAPPELEN	Aardappelen	MON_TYPE_BOUWLAND	bouwland	LC_MD_AARDAPPELEN	Aardappelen	MON_TEELTEN_VROEGE	1	0	0	1	1	0
2023	906	Zoete aardappel	MON_BATATEN	Bataten	MON_TYPE_BOUWLAND	bouwland	LC_MD_GROEN_KRU_SIE	Groenten, kruiden en sierplanten	MON_TEELTEN_LATE	0	0	0	1	1	0
2023	907	Aardappelen (gecertificeerd pootgoed)	MON_AARDAPPELEN	Aardappelen	MON_TYPE_BOUWLAND	bouwland	LC_MD_AARDAPPELEN	Aardappelen	MON_TEELTEN_LATE	0	0	0	1	1	0
2023	908	Aardappelen (hoevepootgoed)	MON_AARDAPPELEN	Aardappelen	MON_TYPE_BOUWLAND	bouwland	LC_MD_AARDAPPELEN	Aardappelen	MON_TEELTEN_LATE	0	0	0	1	1	0
2023	921	Vezelvlas (bestemd voor vezelproductie)	MON_VLAS	Vlas	MON_TYPE_BOUWLAND	bouwland	LC_MD_VLAS_HENNEP	Vlas en hennep	MON_TEELTEN_VROEGE	1	0	0	1	1	0
2023	922	Vezelhennep (bestemd voor vezelproductie)	MON_HENNEP	Hennep	MON_TYPE_BOUWLAND	bouwland	LC_MD_VLAS_HENNEP	Vlas en hennep	MON_TEELTEN_VROEGE	1	0	0	1	1	0
2023	923	Wintervlas (vezelproductie en industriële toepassingen)	MON_VLAS_WINTER	Wintervlas	MON_TYPE_BOUWLAND	bouwland	LC_MD_VLAS_HENNEP	Vlas en hennep	MON_TEELTEN_VROEGE	1	0	0	1	1	0
2023	931	Erwten (andere dan droog geoogst) - vers	MON_ERWTEN	Erwten	MON_TYPE_VLINDERBLOEMIGEN	vlinderbloemigen	LC_MD_GROEN_KRU_SIE	Groenten, kruiden en sierplanten	MON_TEELTEN_VROEGE	1	0	0	1	1	0
2023	932	Tuin- en veldbonen (Vicia faba) - vers	MON_WIKKEN	Wikken	MON_TYPE_VLINDERBLOEMIGEN	vlinderbloemigen	LC_MD_GROEN_KRU_SIE	Groenten, kruiden en sierplanten	MON_TEELTEN_LATE	0	0	0	1	1	0
2023	933	Kikkererwten	MON_ONBEKEND_MET_KLASSIFICATIE	Moeilijk met klassificatie	MON_TYPE_ONBEKEND_MET_KLASSIFICATIE	onbekend met klassificatie			MON_TEELTEN_VROEGE	1	0	0	1	1	0
2023	934	Linzen	MON_ONBEKEND_MET_KLASSIFICATIE	Moeilijk met klassificatie	MON_TYPE_ONBEKEND_MET_KLASSIFICATIE	onbekend met klassificatie			MON_TEELTEN_VROEGE	1	0	0	1	1	0
2023	951	Andere groenten - vers	MON_ANDERE_SUBSIDIABELE_GEWASSEN_GROENTEN	Andere subsidiabele gewassen groenten - gebruik: perceelsmonitoring	MON_TYPE_BOUWLAND	bouwland	LC_MD_GROEN_KRU_SIE	Groenten, kruiden en sierplanten	MON_TEELTEN_LATE	0	0	0	1	1	0
2023	955	Graszoden	MON_GRASSEN	Grassen	MON_TYPE_GRASSEN	grassen	LC_MD_GRASLAND	Grasland	MON_TEELTEN_LATE	0	0	1	1	1	0
2023	956	Andere kruiden - vers	MON_ANDERE_SUBSIDIABELE_GEWASSEN_AKKERBOUW	Andere subsidiabele gewassen akkerbouw - gebruik: perceelsmonitoring	MON_TYPE_BOUWLAND	bouwland	LC_MD_GROEN_KRU_SIE	Groenten, kruiden en sierplanten	MON_TEELTEN_LATE	0	0	0	1	1	0
2023	957	Geneeskrachtige en aromatische planten en kruiden	MON_ANDERE_SUBSIDIABELE_GEWASSEN_AKKERBOUW	Andere subsidiabele gewassen akkerbouw - gebruik: perceelsmonitoring	MON_TYPE_BOUWLAND	bouwland	LC_MD_GROEN_KRU_SIE	Groenten, kruiden en sierplanten	MON_TEELTEN_LATE	0	0	0	1	1	0
2023	959	Peterselie - vers	MON_PETERSELIE	Peterselie	MON_TYPE_BOUWLAND	bouwland	LC_MD_GROEN_KRU_SIE	Groenten, kruiden en sierplanten	MON_TEELTEN_LATE	0	0	0	1	1	0
2023	960	Kervel - vers	MON_KERVEL	Kervel	MON_TYPE_BOUWLAND	bouwland	LC_MD_GROEN_KRU_SIE	Groenten, kruiden en sierplanten	MON_TEELTEN_LATE	0	0	0	1	1	0
2023	961	Wortelpeterselie - vers verbruik	MON_PETERSELIE	Peterselie	MON_TYPE_BOUWLAND	bouwland	LC_MD_GROEN_KRU_SIE	Groenten, kruiden en sierplanten	MON_TEELTEN_LATE	0	0	0	1	1	0
2023	962	Kerstbomen	MON_BOS	MON_BOS	MON_TYPE_BOS	bos	LC_MD_GROEN_KRU_SIE	Groenten, kruiden en sierplanten	MON_TEELTEN_LATE	0	1	1	0	1	0
2023	963	Wijmenaanplantingen	MON_WIJMEN	MON_WIJMEN	MON_TYPE_MOEILIJK_ZONDER_KLASSIFICATIE	moeilijk zonder klassificatie	LC_MD_HOUTACHTIG	Houtachtige gewassen	MON_TEELTEN_LATE	0	1	1	0	1	0
2023	964	Basilicum - vers verbruik	MON_BASILICUM	Basilicum	MON_TYPE_BOUWLAND	bouwland	LC_MD_GROEN_KRU_SIE	Groenten, kruiden en sierplanten	MON_TEELTEN_LATE	0	0	0	1	1	0
2023	965	Bieslook - vers verbruik	MON_LOOKACHTIGEN	Lookachtigen	MON_TYPE_BOUWLAND	bouwland	LC_MD_GROEN_KRU_SIE	Groenten, kruiden en sierplanten	MON_TEELTEN_LATE	0	0	0	1	1	0
2023	972	Andere eenjarige fruitteelten	MON_ONBEKEND_MET_KLASSIFICATIE	Moeilijk met klassificatie	MON_TYPE_ONBEKEND_MET_KLASSIFICATIE	onbekend met klassificatie	LC_MD_FRUIT_NOTEN	Fruit en Noten	MON_TEELTEN_LATE	0	0	0	1	1	0
2023	983	Engelwortel - industrie	MON_ENGELWORTEL	Engelwortel	MON_TYPE_BOUWLAND	bouwland	LC_MD_GROEN_KRU_SIE	Groenten, kruiden en sierplanten	MON_TEELTEN_VROEGE	1	0	0	1	1	0
2023	999	Niet nader omschreven gewas - kleine landbouwer	MON_ONBEKEND_MET_KLASSIFICATIE	Moeilijk met klassificatie	MON_TYPE_ONBEKEND_MET_KLASSIFICATIE	onbekend met klassificatie	LC_MD_OVERIGE	Overige gewassen	MON_TEELTEN_VROEGE	1	0	0	0	0	0
2023	4111	Winterkoolzaad	MON_KOOLZAAD_WINTER	Winterkoolzaad	MON_TYPE_BOUWLAND	bouwland	LC_MD_GRA_ZA_PEUL	Granen, zaden en peulvruchten	MON_TEELTEN_VROEGE	1	0	0	1	1	0
2023	4112	Winterraapzaad	MON_RAAPACHTIGEN_WINTER	Winterraapachtigen	MON_TYPE_BOUWLAND	bouwland	LC_MD_GRA_ZA_PEUL	Granen, zaden en peulvruchten	MON_TEELTEN_VROEGE	1	0	0	1	1	0
2023	4121	Zomerkoolzaad	MON_KOOLZAAD	Koolzaad	MON_TYPE_BOUWLAND	bouwland	LC_MD_GRA_ZA_PEUL	Granen, zaden en peulvruchten	MON_TEELTEN_VROEGE	1	0	0	1	1	0
2023	4122	Zomerraapzaad	MON_RAAPACHTIGEN	Raapachtigen	MON_TYPE_BOUWLAND	bouwland	LC_MD_GRA_ZA_PEUL	Granen, zaden en peulvruchten	MON_TEELTEN_VROEGE	1	0	0	1	1	0
2023	6031	Zaaizaad wintertarwe of triticale	MON_TARWE_WINTER	Wintertarwe	MON_TYPE_BOUWLAND	bouwland	LC_MD_GRA_ZA_PEUL	Granen, zaden en peulvruchten	MON_TEELTEN_VROEGE	1	0	0	1	1	0
2023	6041	Zaaizaad wintervlas	MON_ANDERE_SUBSIDIABELE_GEWASSEN_AKKERBOUW	Andere subsidiabele gewassen akkerbouw - gebruik: perceelsmonitoring	MON_TYPE_BOUWLAND	bouwland	LC_MD_GRA_ZA_PEUL	Granen, zaden en peulvruchten	MON_TEELTEN_VROEGE	1	0	0	1	1	0
2023	8409	Pastinaak - industrie	MON_PASTINAAK	Pastinaak	MON_TYPE_BOUWLAND	bouwland	LC_MD_GROEN_KRU_SIE	Groenten, kruiden en sierplanten	MON_TEELTEN_LATE	0	0	0	1	1	0
2023	8410	Stamslabonen/sperziebonen - industrie	MON_BONEN	Bonen	MON_TYPE_VLINDERBLOEMIGEN	vlinderbloemigen	LC_MD_GROEN_KRU_SIE	Groenten, kruiden en sierplanten	MON_TEELTEN_VROEGE	1	0	0	1	1	0
2023	8411	Snijbonen - industrie	MON_BONEN	Bonen	MON_TYPE_VLINDERBLOEMIGEN	vlinderbloemigen	LC_MD_GROEN_KRU_SIE	Groenten, kruiden en sierplanten	MON_TEELTEN_VROEGE	1	0	0	1	1	0
2023	8412	Flageolets (voor de boon) - industrie	MON_BONEN	Bonen	MON_TYPE_VLINDERBLOEMIGEN	vlinderbloemigen	LC_MD_GROEN_KRU_SIE	Groenten, kruiden en sierplanten	MON_TEELTEN_VROEGE	1	0	0	1	1	0
2023	8456	Butternutpompoenen - industrie	MON_MUSKAATPOMPOENEN	Muskaatpompoenen	MON_TYPE_BOUWLAND	bouwland	LC_MD_GROEN_KRU_SIE	Groenten, kruiden en sierplanten	MON_TEELTEN_LATE	0	0	0	1	1	0
2023	8511	Asperges - industrie	MON_ASPERGES	MON_ASPERGES	MON_TYPE_MOEILIJK_ZONDER_KLASSIFICATIE	moeilijk zonder klassificatie	LC_MD_GROEN_KRU_SIE	Groenten, kruiden en sierplanten	MON_TEELTEN_VROEGE	1	1	0	0	1	0
2023	8512	Spruitkool - industrie	MON_KOOLACHTIGEN	Koolachtigen	MON_TYPE_BOUWLAND	bouwland	LC_MD_GROEN_KRU_SIE	Groenten, kruiden en sierplanten	MON_TEELTEN_LATE	0	0	0	1	1	0
2023	8513	Sjalotten - industrie	MON_LOOKACHTIGEN	Lookachtigen	MON_TYPE_BOUWLAND	bouwland	LC_MD_GROEN_KRU_SIE	Groenten, kruiden en sierplanten	MON_TEELTEN_VROEGE	1	0	0	1	1	0
2023	8514	Ajuinen (niet-vroege) - industrie	MON_LOOKACHTIGEN	Lookachtigen	MON_TYPE_BOUWLAND	bouwland	LC_MD_GROEN_KRU_SIE	Groenten, kruiden en sierplanten	MON_TEELTEN_LATE	0	0	0	1	1	0
2023	8515	Witloof (forcerie) - industrie	MON_CICHOREIACHTIGEN	Cichoreiachtigen	MON_TYPE_BOUWLAND	bouwland	LC_MD_GROEN_KRU_SIE	Groenten, kruiden en sierplanten	MON_TEELTEN_LATE	0	0	0	1	1	0
2023	8517	Rabarber - industrie	MON_RABARBER	MON_RABARBER	MON_TYPE_MOEILIJK_ZONDER_KLASSIFICATIE	moeilijk zonder klassificatie	LC_MD_GROEN_KRU_SIE	Groenten, kruiden en sierplanten	MON_TEELTEN_LATE	0	1	0	0	1	0
2023	8518	Kropsla - industrie	MON_SLA	Sla	MON_TYPE_BOUWLAND	bouwland	LC_MD_GROEN_KRU_SIE	Groenten, kruiden en sierplanten	MON_TEELTEN_VROEGE	1	0	0	1	1	0
2023	8519	Spinazie - industrie	MON_SPINAZIE	Spinazie	MON_TYPE_BOUWLAND	bouwland	LC_MD_GROEN_KRU_SIE	Groenten, kruiden en sierplanten	MON_TEELTEN_LATE	0	0	0	1	1	0
2023	8523	Bloemkool - industrie	MON_KOOLACHTIGEN	Koolachtigen	MON_TYPE_BOUWLAND	bouwland	LC_MD_GROEN_KRU_SIE	Groenten, kruiden en sierplanten	MON_TEELTEN_VROEGE	1	0	0	1	1	0
2023	8524	Boerenkool - industrie	MON_KOOLACHTIGEN	Koolachtigen	MON_TYPE_BOUWLAND	bouwland	LC_MD_GROEN_KRU_SIE	Groenten, kruiden en sierplanten	MON_TEELTEN_VROEGE	1	0	0	1	1	0
2023	8525	Broccoli - industrie	MON_KOOLACHTIGEN	Koolachtigen	MON_TYPE_BOUWLAND	bouwland	LC_MD_GROEN_KRU_SIE	Groenten, kruiden en sierplanten	MON_TEELTEN_VROEGE	1	0	0	1	1	0
2023	8526	Chinese kool - industrie	MON_RAAPACHTIGEN	Raapachtigen	MON_TYPE_BOUWLAND	bouwland	LC_MD_GROEN_KRU_SIE	Groenten, kruiden en sierplanten	MON_TEELTEN_VROEGE	1	0	0	1	1	0
2023	8527	Rode kool - industrie	MON_KOOLACHTIGEN	Koolachtigen	MON_TYPE_BOUWLAND	bouwland	LC_MD_GROEN_KRU_SIE	Groenten, kruiden en sierplanten	MON_TEELTEN_LATE	0	0	0	1	1	0
2023	8528	Koolraap - industrie	MON_KOOLRAAPACHTIGEN	Koolraapachtigen	MON_TYPE_BOUWLAND	bouwland	LC_MD_GROEN_KRU_SIE	Groenten, kruiden en sierplanten	MON_TEELTEN_LATE	0	0	0	1	1	0
2023	8529	Koolrabi - industrie	MON_KOOLACHTIGEN	Koolachtigen	MON_TYPE_BOUWLAND	bouwland	LC_MD_GROEN_KRU_SIE	Groenten, kruiden en sierplanten	MON_TEELTEN_VROEGE	1	0	0	1	1	0
2023	8530	Raap - industrie	MON_RAAPACHTIGEN	Raapachtigen	MON_TYPE_BOUWLAND	bouwland	LC_MD_GROEN_KRU_SIE	Groenten, kruiden en sierplanten	MON_TEELTEN_LATE	0	0	0	1	1	0
2023	8531	Radijs - industrie	MON_RADIJSACHTIGEN	Radijsachtigen	MON_TYPE_BOUWLAND	bouwland	LC_MD_GROEN_KRU_SIE	Groenten, kruiden en sierplanten	MON_TEELTEN_VROEGE	1	0	0	1	1	0
2023	8532	Rode biet - industrie	MON_BIETEN	Bieten	MON_TYPE_BOUWLAND	bouwland	LC_MD_GROEN_KRU_SIE	Groenten, kruiden en sierplanten	MON_TEELTEN_LATE	0	0	0	1	1	0
2023	8533	Schorseneer - industrie	MON_SCHORSENEREN	Schorseneren	MON_TYPE_BOUWLAND	bouwland	LC_MD_GROEN_KRU_SIE	Groenten, kruiden en sierplanten	MON_TEELTEN_LATE	0	0	0	1	1	0
2023	8534	(Knol)venkel - industrie	MON_(KNOL)VENKEL	(Knol)venkel	MON_TYPE_BOUWLAND	bouwland	LC_MD_GROEN_KRU_SIE	Groenten, kruiden en sierplanten	MON_TEELTEN_LATE	0	0	0	1	1	0
2023	8535	Wortel (niet-vroege) (consumptie) - industrie	MON_WORTEL	Wortel	MON_TYPE_BOUWLAND	bouwland	LC_MD_GROEN_KRU_SIE	Groenten, kruiden en sierplanten	MON_TEELTEN_LATE	0	0	0	1	1	0
2023	8537	Andijvie - industrie	MON_CICHOREIACHTIGEN	Cichoreiachtigen	MON_TYPE_BOUWLAND	bouwland	LC_MD_GROEN_KRU_SIE	Groenten, kruiden en sierplanten	MON_TEELTEN_VROEGE	1	0	0	1	1	0
2023	8538	Prei - industrie	MON_LOOKACHTIGEN	Lookachtigen	MON_TYPE_BOUWLAND	bouwland	LC_MD_GROEN_KRU_SIE	Groenten, kruiden en sierplanten	MON_TEELTEN_LATE	0	0	0	1	1	0
2023	8539	Bladselder - industrie	MON_SELDERACHTIGEN	Selderachtigen	MON_TYPE_BOUWLAND	bouwland	LC_MD_GROEN_KRU_SIE	Groenten, kruiden en sierplanten	MON_TEELTEN_LATE	0	0	0	1	1	0
2023	8540	Witte kool - industrie	MON_KOOLACHTIGEN	Koolachtigen	MON_TYPE_BOUWLAND	bouwland	LC_MD_GROEN_KRU_SIE	Groenten, kruiden en sierplanten	MON_TEELTEN_LATE	0	0	0	1	1	0
2023	8541	Courgettes - industrie	MON_COURGETTES_EN_POMPOENEN	Courgettes & pompoenen	MON_TYPE_BOUWLAND	bouwland	LC_MD_GROEN_KRU_SIE	Groenten, kruiden en sierplanten	MON_TEELTEN_LATE	0	0	0	1	1	0
2023	8542	Veldsla - industrie	MON_VELDSLA	Veldsla	MON_TYPE_BOUWLAND	bouwland	LC_MD_GROEN_KRU_SIE	Groenten, kruiden en sierplanten	MON_TEELTEN_LATE	0	0	0	1	1	0
2023	8543	Knolselder - industrie	MON_SELDERACHTIGEN	Selderachtigen	MON_TYPE_BOUWLAND	bouwland	LC_MD_GROEN_KRU_SIE	Groenten, kruiden en sierplanten	MON_TEELTEN_LATE	0	0	0	1	1	0
2023	8544	Ijsbergsla - industrie	MON_SLA	Sla	MON_TYPE_BOUWLAND	bouwland	LC_MD_GROEN_KRU_SIE	Groenten, kruiden en sierplanten	MON_TEELTEN_VROEGE	1	0	0	1	1	0
2023	8545	Raketsla - Rucola - industrie	MON_RUCOLA	Rucola	MON_TYPE_BOUWLAND	bouwland	LC_MD_GROEN_KRU_SIE	Groenten, kruiden en sierplanten	MON_TEELTEN_VROEGE	1	0	0	1	1	0
2023	8546	Savooikool - industrie	MON_KOOLACHTIGEN	Koolachtigen	MON_TYPE_BOUWLAND	bouwland	LC_MD_GROEN_KRU_SIE	Groenten, kruiden en sierplanten	MON_TEELTEN_LATE	0	0	0	1	1	0
2023	8548	Groene selder - industrie	MON_SELDERACHTIGEN	Selderachtigen	MON_TYPE_BOUWLAND	bouwland	LC_MD_GROEN_KRU_SIE	Groenten, kruiden en sierplanten	MON_TEELTEN_LATE	0	0	0	1	1	0
2023	8550	Rammenas - industrie	MON_RADIJSACHTIGEN	Radijsachtigen	MON_TYPE_BOUWLAND	bouwland	LC_MD_GROEN_KRU_SIE	Groenten, kruiden en sierplanten	MON_TEELTEN_VROEGE	1	0	0	1	1	0
2023	8551	Bleekselder - industrie	MON_SELDERACHTIGEN	Selderachtigen	MON_TYPE_BOUWLAND	bouwland	LC_MD_GROEN_KRU_SIE	Groenten, kruiden en sierplanten	MON_TEELTEN_LATE	0	0	0	1	1	0
2023	8552	Tomaten - industrie	MON_TOMATEN	Tomaten	MON_TYPE_BOUWLAND	bouwland	LC_MD_GROEN_KRU_SIE	Groenten, kruiden en sierplanten	MON_TEELTEN_VROEGE	1	0	0	1	1	0
2023	8553	Paprika - industrie	MON_PAPRIKAS	Paprikas	MON_TYPE_BOUWLAND	bouwland	LC_MD_GROEN_KRU_SIE	Groenten, kruiden en sierplanten	MON_TEELTEN_VROEGE	1	0	0	1	1	0
2023	8554	Komkommers - industrie	MON_KOMKOMMERS	Komkommers	MON_TYPE_BOUWLAND	bouwland	LC_MD_GROEN_KRU_SIE	Groenten, kruiden en sierplanten	MON_TEELTEN_VROEGE	1	0	0	1	1	0
2023	8555	Aubergines - industrie	MON_AUBERGINES	Aubergines	MON_TYPE_BOUWLAND	bouwland	LC_MD_GROEN_KRU_SIE	Groenten, kruiden en sierplanten	MON_TEELTEN_LATE	0	0	0	1	1	0
2023	8556	Pompoenen - industrie	MON_COURGETTES_EN_POMPOENEN	Courgettes & pompoenen	MON_TYPE_BOUWLAND	bouwland	LC_MD_GROEN_KRU_SIE	Groenten, kruiden en sierplanten	MON_TEELTEN_LATE	0	0	0	1	1	0
2023	8557	Andere alternatieve slasoorten - industrie	MON_ANDERE_SUBSIDIABELE_GEWASSEN_GROENTEN	Andere subsidiabele gewassen groenten - gebruik: perceelsmonitoring	MON_TYPE_BOUWLAND	bouwland	LC_MD_GROEN_KRU_SIE	Groenten, kruiden en sierplanten	MON_TEELTEN_VROEGE	1	0	0	1	1	0
2023	8559	Andere groenten - industrie	MON_ANDERE_SUBSIDIABELE_GEWASSEN_GROENTEN	Andere subsidiabele gewassen groenten - gebruik: perceelsmonitoring	MON_TYPE_BOUWLAND	bouwland	LC_MD_GROEN_KRU_SIE	Groenten, kruiden en sierplanten	MON_TEELTEN_LATE	0	0	0	1	1	0
2023	8563	Ajuinen (vroege) - industrie	MON_LOOKACHTIGEN	Lookachtigen	MON_TYPE_BOUWLAND	bouwland	LC_MD_GROEN_KRU_SIE	Groenten, kruiden en sierplanten	MON_TEELTEN_VROEGE	1	0	0	1	1	0
2023	8564	Wortel (vroege) (consumptie) - industrie	MON_WORTEL	Wortel	MON_TYPE_BOUWLAND	bouwland	LC_MD_GROEN_KRU_SIE	Groenten, kruiden en sierplanten	MON_TEELTEN_VROEGE	1	0	0	1	1	0
2023	8581	Andere meerjarige kruiden - vers	MON_ANDERE_SUBSIDIABELE_GEWASSEN_AKKERBOUW	Andere subsidiabele gewassen akkerbouw - gebruik: perceelsmonitoring	MON_TYPE_BOUWLAND	bouwland	LC_MD_GROEN_KRU_SIE	Groenten, kruiden en sierplanten	MON_TEELTEN_LATE	0	1	1	0	1	0
2023	8586	Artisjok - industrie	MON_ARTISJOKKEN	Artisjokken	MON_TYPE_BOUWLAND	bouwland	LC_MD_GROEN_KRU_SIE	Groenten, kruiden en sierplanten	MON_TEELTEN_LATE	0	1	0	1	1	0
2023	8620	Andere kolen - industrie	MON_ANDERE_SUBSIDIABELE_GEWASSEN_GROENTEN	Andere subsidiabele gewassen groenten - gebruik: perceelsmonitoring	MON_TYPE_BOUWLAND	bouwland	LC_MD_GROEN_KRU_SIE	Groenten, kruiden en sierplanten	MON_TEELTEN_LATE	0	0	0	1	1	0
2023	8910	Bebossing loofbomen-ecologisch	MON_BOS	MON_BOS	MON_TYPE_BOS	bos	LC_MD_HOUTACHTIG	Houtachtige gewassen	MON_TEELTEN_LATE	0	1	1	0	1	0
2023	8911	Bebossing loofbomen-economisch	MON_BOS	MON_BOS	MON_TYPE_BOS	bos	LC_MD_HOUTACHTIG	Houtachtige gewassen	MON_TEELTEN_LATE	0	1	1	0	1	0
2023	8912	Bebossing naaldbomen	MON_BOS	MON_BOS	MON_TYPE_BOS	bos	LC_MD_HOUTACHTIG	Houtachtige gewassen	MON_TEELTEN_LATE	0	1	1	0	1	0
2023	8915	Bebossing populieren	MON_BOS	MON_BOS	MON_TYPE_BOS	bos	LC_MD_HOUTACHTIG	Houtachtige gewassen	MON_TEELTEN_LATE	0	1	1	0	1	0
2023	9201	Hazelnoten	MON_BOS	MON_BOS	MON_TYPE_BOS	bos	LC_MD_FRUIT_NOTEN	Fruit en Noten	MON_TEELTEN_LATE	0	1	1	0	1	0
2023	9202	Walnoten	MON_BOS	MON_BOS	MON_TYPE_BOS	bos	LC_MD_FRUIT_NOTEN	Fruit en Noten	MON_TEELTEN_LATE	0	1	1	0	1	0
2023	9409	Pastinaak - vers	MON_PASTINAAK	Pastinaak	MON_TYPE_BOUWLAND	bouwland	LC_MD_GROEN_KRU_SIE	Groenten, kruiden en sierplanten	MON_TEELTEN_VROEGE	1	0	0	1	1	0
2023	9410	Stamslabonen/sperziebonen - vers	MON_BONEN	Bonen	MON_TYPE_VLINDERBLOEMIGEN	vlinderbloemigen	LC_MD_GROEN_KRU_SIE	Groenten, kruiden en sierplanten	MON_TEELTEN_VROEGE	1	0	0	1	1	0
2023	9412	Flageolets (voor de boon) - vers	MON_BONEN	Bonen	MON_TYPE_VLINDERBLOEMIGEN	vlinderbloemigen	LC_MD_GROEN_KRU_SIE	Groenten, kruiden en sierplanten	MON_TEELTEN_LATE	0	0	0	1	1	0
2023	9456	Butternutpompoenen - vers	MON_MUSKAATPOMPOENEN	Muskaatpompoenen	MON_TYPE_BOUWLAND	bouwland	LC_MD_GROEN_KRU_SIE	Groenten, kruiden en sierplanten	MON_TEELTEN_LATE	0	0	0	1	1	0
2023	9511	Asperges - vers	MON_ASPERGES	MON_ASPERGES	MON_TYPE_MOEILIJK_ZONDER_KLASSIFICATIE	moeilijk zonder klassificatie	LC_MD_GROEN_KRU_SIE	Groenten, kruiden en sierplanten	MON_TEELTEN_VROEGE	1	1	0	0	1	0
2023	9512	Spruitkool - vers	MON_KOOLACHTIGEN	Koolachtigen	MON_TYPE_BOUWLAND	bouwland	LC_MD_GROEN_KRU_SIE	Groenten, kruiden en sierplanten	MON_TEELTEN_LATE	0	0	0	1	1	0
2023	9513	Sjalotten - vers	MON_LOOKACHTIGEN	Lookachtigen	MON_TYPE_BOUWLAND	bouwland	LC_MD_GROEN_KRU_SIE	Groenten, kruiden en sierplanten	MON_TEELTEN_VROEGE	1	0	0	1	1	0
2023	9514	Ajuinen (niet vroege) - vers	MON_LOOKACHTIGEN	Lookachtigen	MON_TYPE_BOUWLAND	bouwland	LC_MD_GROEN_KRU_SIE	Groenten, kruiden en sierplanten	MON_TEELTEN_LATE	0	0	0	1	1	0
2023	9515	Witloof (forcerie) - vers	MON_CICHOREIACHTIGEN	Cichoreiachtigen	MON_TYPE_BOUWLAND	bouwland	LC_MD_GROEN_KRU_SIE	Groenten, kruiden en sierplanten	MON_TEELTEN_LATE	0	0	0	1	1	0
2023	9516	Aardbeien	MON_AARDBEIEN	Aardbeien	MON_TYPE_BOUWLAND	bouwland	LC_MD_FRUIT_NOTEN	Fruit en Noten	MON_TEELTEN_VROEGE	1	0	0	1	1	0
2023	9517	Rabarber - vers	MON_RABARBER	MON_RABARBER	MON_TYPE_MOEILIJK_ZONDER_KLASSIFICATIE	moeilijk zonder klassificatie	LC_MD_GROEN_KRU_SIE	Groenten, kruiden en sierplanten	MON_TEELTEN_LATE	0	1	0	0	1	0
2023	9518	Kropsla - vers	MON_SLA	Sla	MON_TYPE_BOUWLAND	bouwland	LC_MD_GROEN_KRU_SIE	Groenten, kruiden en sierplanten	MON_TEELTEN_VROEGE	1	0	0	1	1	0
2023	9519	Spinazie - vers	MON_SPINAZIE	Spinazie	MON_TYPE_BOUWLAND	bouwland	LC_MD_GROEN_KRU_SIE	Groenten, kruiden en sierplanten	MON_TEELTEN_LATE	0	0	0	1	1	0
2023	9523	Bloemkool - vers	MON_KOOLACHTIGEN	Koolachtigen	MON_TYPE_BOUWLAND	bouwland	LC_MD_GROEN_KRU_SIE	Groenten, kruiden en sierplanten	MON_TEELTEN_LATE	0	0	0	1	1	0
2023	9524	Boerenkool - vers	MON_KOOLACHTIGEN	Koolachtigen	MON_TYPE_BOUWLAND	bouwland	LC_MD_GROEN_KRU_SIE	Groenten, kruiden en sierplanten	MON_TEELTEN_LATE	0	0	0	1	1	0
2023	9525	Broccoli - vers	MON_KOOLACHTIGEN	Koolachtigen	MON_TYPE_BOUWLAND	bouwland	LC_MD_GROEN_KRU_SIE	Groenten, kruiden en sierplanten	MON_TEELTEN_LATE	0	0	0	1	1	0
2023	9526	Chinese kool - vers	MON_RAAPACHTIGEN	Raapachtigen	MON_TYPE_BOUWLAND	bouwland	LC_MD_GROEN_KRU_SIE	Groenten, kruiden en sierplanten	MON_TEELTEN_LATE	0	0	0	1	1	0
2023	9527	Rode kool - vers	MON_KOOLACHTIGEN	Koolachtigen	MON_TYPE_BOUWLAND	bouwland	LC_MD_GROEN_KRU_SIE	Groenten, kruiden en sierplanten	MON_TEELTEN_LATE	0	0	0	1	1	0
2023	9528	Koolraap - vers	MON_KOOLRAAPACHTIGEN	Koolraapachtigen	MON_TYPE_BOUWLAND	bouwland	LC_MD_GROEN_KRU_SIE	Groenten, kruiden en sierplanten	MON_TEELTEN_LATE	0	0	0	1	1	0
2023	9529	Koolrabi - vers	MON_KOOLACHTIGEN	Koolachtigen	MON_TYPE_BOUWLAND	bouwland	LC_MD_GROEN_KRU_SIE	Groenten, kruiden en sierplanten	MON_TEELTEN_LATE	0	0	0	1	1	0
2023	9530	Raap - vers	MON_RAAPACHTIGEN	Raapachtigen	MON_TYPE_BOUWLAND	bouwland	LC_MD_GROEN_KRU_SIE	Groenten, kruiden en sierplanten	MON_TEELTEN_LATE	0	0	0	1	1	0
2023	9531	Radijs - vers	MON_RADIJSACHTIGEN	Radijsachtigen	MON_TYPE_BOUWLAND	bouwland	LC_MD_GROEN_KRU_SIE	Groenten, kruiden en sierplanten	MON_TEELTEN_LATE	0	0	0	1	1	0
2023	9532	Rode biet - vers	MON_BIETEN	Bieten	MON_TYPE_BOUWLAND	bouwland	LC_MD_GROEN_KRU_SIE	Groenten, kruiden en sierplanten	MON_TEELTEN_LATE	0	0	0	1	1	0
2023	9533	Schorseneer - vers	MON_SCHORSENEREN	Schorseneren	MON_TYPE_BOUWLAND	bouwland	LC_MD_GROEN_KRU_SIE	Groenten, kruiden en sierplanten	MON_TEELTEN_LATE	0	0	0	1	1	0
2023	9534	(Knol)venkel - vers	MON_(KNOL)VENKEL	(Knol)venkel	MON_TYPE_BOUWLAND	bouwland	LC_MD_GROEN_KRU_SIE	Groenten, kruiden en sierplanten	MON_TEELTEN_LATE	0	0	0	1	1	0
2023	9535	Wortel (niet-vroege) (consumptie) - vers	MON_WORTEL	Wortel	MON_TYPE_BOUWLAND	bouwland	LC_MD_GROEN_KRU_SIE	Groenten, kruiden en sierplanten	MON_TEELTEN_LATE	0	0	0	1	1	0
2023	9536	Champignons (loods)	MON_ONBEKEND_MET_KLASSIFICATIE	Moeilijk met klassificatie	MON_TYPE_ONBEKEND_MET_KLASSIFICATIE	onbekend met klassificatie	LC_MD_OVERIGE	Overige gewassen	MON_TEELTEN_LATE	0	1	1	0	0	1
2023	9537	Andijvie - vers	MON_CICHOREIACHTIGEN	Cichoreiachtigen	MON_TYPE_BOUWLAND	bouwland	LC_MD_GROEN_KRU_SIE	Groenten, kruiden en sierplanten	MON_TEELTEN_LATE	0	0	0	1	1	0
2023	9538	Prei - vers	MON_LOOKACHTIGEN	Lookachtigen	MON_TYPE_BOUWLAND	bouwland	LC_MD_GROEN_KRU_SIE	Groenten, kruiden en sierplanten	MON_TEELTEN_LATE	0	0	0	1	1	0
2023	9539	Bladselder - vers	MON_SELDERACHTIGEN	Selderachtigen	MON_TYPE_BOUWLAND	bouwland	LC_MD_GROEN_KRU_SIE	Groenten, kruiden en sierplanten	MON_TEELTEN_LATE	0	0	0	1	1	0
2023	9540	Witte kool - vers	MON_KOOLACHTIGEN	Koolachtigen	MON_TYPE_BOUWLAND	bouwland	LC_MD_GROEN_KRU_SIE	Groenten, kruiden en sierplanten	MON_TEELTEN_LATE	0	0	0	1	1	0
2023	9541	Courgettes - vers	MON_COURGETTES_EN_POMPOENEN	Courgettes & pompoenen	MON_TYPE_BOUWLAND	bouwland	LC_MD_GROEN_KRU_SIE	Groenten, kruiden en sierplanten	MON_TEELTEN_LATE	0	0	0	1	1	0
2023	9542	Veldsla - vers	MON_VELDSLA	Veldsla	MON_TYPE_BOUWLAND	bouwland	LC_MD_GROEN_KRU_SIE	Groenten, kruiden en sierplanten	MON_TEELTEN_LATE	0	0	0	1	1	0
2023	9543	Knolselder - vers	MON_SELDERACHTIGEN	Selderachtigen	MON_TYPE_BOUWLAND	bouwland	LC_MD_GROEN_KRU_SIE	Groenten, kruiden en sierplanten	MON_TEELTEN_LATE	0	0	0	1	1	0
2023	9544	Ijsbergsla - vers	MON_SLA	Sla	MON_TYPE_BOUWLAND	bouwland	LC_MD_GROEN_KRU_SIE	Groenten, kruiden en sierplanten	MON_TEELTEN_VROEGE	1	0	0	1	1	0
2023	9545	Raketsla - Rucola - vers	MON_RUCOLA	Rucola	MON_TYPE_BOUWLAND	bouwland	LC_MD_GROEN_KRU_SIE	Groenten, kruiden en sierplanten	MON_TEELTEN_VROEGE	1	0	0	1	1	0
2023	9546	Savooikool - vers	MON_KOOLACHTIGEN	Koolachtigen	MON_TYPE_BOUWLAND	bouwland	LC_MD_GROEN_KRU_SIE	Groenten, kruiden en sierplanten	MON_TEELTEN_LATE	0	0	0	1	1	0
2023	9547	Potchrysanten	MON_CHRYSANTEN	Chrysanten	MON_TYPE_BOUWLAND	bouwland	LC_MD_GROEN_KRU_SIE	Groenten, kruiden en sierplanten	MON_TEELTEN_LATE	0	0	0	1	1	0
2023	9548	Groene selder - vers	MON_SELDERACHTIGEN	Selderachtigen	MON_TYPE_BOUWLAND	bouwland	LC_MD_GROEN_KRU_SIE	Groenten, kruiden en sierplanten	MON_TEELTEN_LATE	0	0	0	1	1	0
2023	9550	Rammenas - vers	MON_RADIJSACHTIGEN	Radijsachtigen	MON_TYPE_BOUWLAND	bouwland	LC_MD_GROEN_KRU_SIE	Groenten, kruiden en sierplanten	MON_TEELTEN_VROEGE	1	0	0	1	1	0
2023	9551	Bleekselder - vers	MON_SELDERACHTIGEN	Selderachtigen	MON_TYPE_BOUWLAND	bouwland	LC_MD_GROEN_KRU_SIE	Groenten, kruiden en sierplanten	MON_TEELTEN_LATE	0	0	0	1	1	0
2023	9552	Tomaten - vers	MON_TOMATEN	Tomaten	MON_TYPE_BOUWLAND	bouwland	LC_MD_GROEN_KRU_SIE	Groenten, kruiden en sierplanten	MON_TEELTEN_LATE	0	0	0	1	1	0
2023	9553	Paprika - vers	MON_PAPRIKAS	Paprikas	MON_TYPE_BOUWLAND	bouwland	LC_MD_GROEN_KRU_SIE	Groenten, kruiden en sierplanten	MON_TEELTEN_LATE	0	0	0	1	1	0
2023	9554	Komkommers - vers	MON_KOMKOMMERS	Komkommers	MON_TYPE_BOUWLAND	bouwland	LC_MD_GROEN_KRU_SIE	Groenten, kruiden en sierplanten	MON_TEELTEN_LATE	0	0	0	1	1	0
2023	9555	Aubergines - vers	MON_AUBERGINES	Aubergines	MON_TYPE_BOUWLAND	bouwland	LC_MD_GROEN_KRU_SIE	Groenten, kruiden en sierplanten	MON_TEELTEN_LATE	0	0	0	1	1	0
2023	9556	Pompoenen - vers	MON_COURGETTES_EN_POMPOENEN	Courgettes & pompoenen	MON_TYPE_BOUWLAND	bouwland	LC_MD_GROEN_KRU_SIE	Groenten, kruiden en sierplanten	MON_TEELTEN_LATE	0	0	0	1	1	0
2023	9557	Andere alternatieve slasoorten - vers	MON_ANDERE_SUBSIDIABELE_GEWASSEN_GROENTEN	Andere subsidiabele gewassen groenten - gebruik: perceelsmonitoring	MON_TYPE_BOUWLAND	bouwland	LC_MD_GROEN_KRU_SIE	Groenten, kruiden en sierplanten	MON_TEELTEN_LATE	0	0	0	1	1	0
2023	9560	Boomkweek - bos- en haagplanten	MON_BOOMSIER	Boomkweek en sierplanten	MON_TYPE_BOOMSIER	boomkweek en sierplanten	LC_MD_HOUTACHTIG	Houtachtige gewassen	MON_TEELTEN_LATE	0	1	0	0	1	0
2023	9561	Witloofwortel	MON_CICHOREIACHTIGEN	Cichoreiachtigen	MON_TYPE_BOUWLAND	bouwland	LC_MD_GROEN_KRU_SIE	Groenten, kruiden en sierplanten	MON_TEELTEN_LATE	0	0	0	1	1	0
2023	9563	Ajuinen (vroege) - vers	MON_LOOKACHTIGEN	Lookachtigen	MON_TYPE_BOUWLAND	bouwland	LC_MD_GROEN_KRU_SIE	Groenten, kruiden en sierplanten	MON_TEELTEN_VROEGE	1	0	0	1	1	0
2023	9564	Wortel (vroege) (consumptie) - vers	MON_WORTEL	Wortel	MON_TYPE_BOUWLAND	bouwland	LC_MD_GROEN_KRU_SIE	Groenten, kruiden en sierplanten	MON_TEELTEN_VROEGE	1	0	0	1	1	0
2023	9565	Jongplanten voor de sierteelt	MON_ONBEKEND_MET_KLASSIFICATIE	Moeilijk met klassificatie	MON_TYPE_ONBEKEND_MET_KLASSIFICATIE	onbekend met klassificatie	LC_MD_OVERIGE	Overige gewassen	MON_TEELTEN_LATE	0	1	0	0	1	0
2023	9566	Zaden voor de sierteelt	MON_ONBEKEND_MET_KLASSIFICATIE	Moeilijk met klassificatie	MON_TYPE_ONBEKEND_MET_KLASSIFICATIE	onbekend met klassificatie	LC_MD_OVERIGE	Overige gewassen	MON_TEELTEN_LATE	0	0	0	0	1	0
2023	9568	Plantgoed en teeltmateriaal van vlinderbloemige groenten	MON_ANDERE_SUBSIDIABELE_GEWASSEN_GROENTEN	Andere subsidiabele gewassen groenten - gebruik: perceelsmonitoring	MON_TYPE_BOUWLAND	bouwland	LC_MD_OVERIGE	Overige gewassen	MON_TEELTEN_VROEGE	1	0	0	1	1	0
2023	9569	Plantgoed en teeltmateriaal van niet-vlinderbloemige groenten	MON_ANDERE_SUBSIDIABELE_GEWASSEN_GROENTEN	Andere subsidiabele gewassen groenten - gebruik: perceelsmonitoring	MON_TYPE_BOUWLAND	bouwland	LC_MD_OVERIGE	Overige gewassen	MON_TEELTEN_VROEGE	1	0	0	1	1	0
2023	9570	Azalea	MON_AZALEA	Azalea	MON_TYPE_BOUWLAND	bouwland	LC_MD_GROEN_KRU_SIE	Groenten, kruiden en sierplanten	MON_TEELTEN_LATE	0	0	0	1	1	0
2023	9571	Begonia voor de knol	MON_ANDERE_SUBSIDIABELE_GEWASSEN_SIERTEELT	Andere subsidiabele gewassen sierteelt - gebruik: perceelsmonitoring	MON_TYPE_BOUWLAND	bouwland	LC_MD_GROEN_KRU_SIE	Groenten, kruiden en sierplanten	MON_TEELTEN_LATE	0	0	0	1	1	0
2023	9572	Bloembollen en -knollen	MON_ANDERE_SUBSIDIABELE_GEWASSEN_SIERTEELT	Andere subsidiabele gewassen sierteelt - gebruik: perceelsmonitoring	MON_TYPE_BOUWLAND	bouwland	LC_MD_GROEN_KRU_SIE	Groenten, kruiden en sierplanten	MON_TEELTEN_LATE	0	0	0	1	1	0
2023	9573	Groene kamerplanten (ficus, ...)	MON_ONBEKEND_MET_KLASSIFICATIE	Moeilijk met klassificatie	MON_TYPE_ONBEKEND_MET_KLASSIFICATIE	onbekend met klassificatie	LC_MD_GROEN_KRU_SIE	Groenten, kruiden en sierplanten	MON_TEELTEN_LATE	0	1	0	0	0	1
2023	9574	Bloeiende kamerplanten (kalanchoë, ...)	MON_ONBEKEND_MET_KLASSIFICATIE	Moeilijk met klassificatie	MON_TYPE_ONBEKEND_MET_KLASSIFICATIE	onbekend met klassificatie	LC_MD_GROEN_KRU_SIE	Groenten, kruiden en sierplanten	MON_TEELTEN_LATE	0	1	0	0	0	1
2023	9575	Snijplanten < 5 jaar	MON_ANDERE_SUBSIDIABELE_GEWASSEN_SIERTEELT	Andere subsidiabele gewassen sierteelt - gebruik: perceelsmonitoring	MON_TYPE_BOUWLAND	bouwland	LC_MD_GROEN_KRU_SIE	Groenten, kruiden en sierplanten	MON_TEELTEN_LATE	0	0	0	1	1	0
2023	9576	Snijbloemen - rozen	MON_BOOMSIER	Boomkweek en sierplanten	MON_TYPE_BOOMSIER	boomkweek en sierplanten	LC_MD_GROEN_KRU_SIE	Groenten, kruiden en sierplanten	MON_TEELTEN_LATE	0	1	0	0	1	0
2023	9577	Snijbloemen andere dan rozen < 5 jaar	MON_ANDERE_SUBSIDIABELE_GEWASSEN_SIERTEELT	Andere subsidiabele gewassen sierteelt - gebruik: perceelsmonitoring	MON_TYPE_BOUWLAND	bouwland	LC_MD_GROEN_KRU_SIE	Groenten, kruiden en sierplanten	MON_TEELTEN_LATE	0	0	0	1	1	0
2023	9578	Perk- en balkonplanten	MON_ANDERE_SUBSIDIABELE_GEWASSEN_SIERTEELT	Andere subsidiabele gewassen sierteelt - gebruik: perceelsmonitoring	MON_TYPE_BOUWLAND	bouwland	LC_MD_GROEN_KRU_SIE	Groenten, kruiden en sierplanten	MON_TEELTEN_LATE	0	0	0	1	1	0
2023	9580	Vaste planten	MON_BOOMSIER	Boomkweek en sierplanten	MON_TYPE_BOOMSIER	boomkweek en sierplanten	LC_MD_GROEN_KRU_SIE	Groenten, kruiden en sierplanten	MON_TEELTEN_LATE	0	1	0	0	1	0
2023	9581	Laanbomen	MON_BOOMSIER	Boomkweek en sierplanten	MON_TYPE_BOOMSIER	boomkweek en sierplanten	LC_MD_GROEN_KRU_SIE	Groenten, kruiden en sierplanten	MON_TEELTEN_LATE	0	1	0	0	1	0
2023	9582	Rozelaars	MON_BOOMSIER	Boomkweek en sierplanten	MON_TYPE_BOOMSIER	boomkweek en sierplanten	LC_MD_GROEN_KRU_SIE	Groenten, kruiden en sierplanten	MON_TEELTEN_LATE	0	1	0	0	1	0
2023	9583	Bloeiende heesters	MON_BOOMSIER	Boomkweek en sierplanten	MON_TYPE_BOOMSIER	boomkweek en sierplanten	LC_MD_GROEN_KRU_SIE	Groenten, kruiden en sierplanten	MON_TEELTEN_LATE	0	1	0	0	1	0
2023	9585	Snijplanten >= 5 jaar	MON_BOOMSIER	Boomkweek en sierplanten	MON_TYPE_BOOMSIER	boomkweek en sierplanten	LC_MD_GROEN_KRU_SIE	Groenten, kruiden en sierplanten	MON_TEELTEN_LATE	0	1	0	0	1	0
2023	9586	Artisjok - vers	MON_ARTISJOKKEN	Artisjokken	MON_TYPE_BOUWLAND	bouwland	LC_MD_GROEN_KRU_SIE	Groenten, kruiden en sierplanten	MON_TEELTEN_LATE	0	1	0	1	1	0
2023	9587	Snijbloemen andere dan rozen >= 5 jaar	MON_BOOMSIER	Boomkweek en sierplanten	MON_TYPE_BOOMSIER	boomkweek en sierplanten	LC_MD_GROEN_KRU_SIE	Groenten, kruiden en sierplanten	MON_TEELTEN_LATE	0	1	0	0	1	0
2023	9589	Niet-bloeiende heesters	MON_BOOMSIER	Boomkweek en sierplanten	MON_TYPE_BOOMSIER	boomkweek en sierplanten	LC_MD_GROEN_KRU_SIE	Groenten, kruiden en sierplanten	MON_TEELTEN_LATE	0	1	0	0	1	0
2023	9590	Solitaire bomen	MON_BOOMSIER	Boomkweek en sierplanten	MON_TYPE_BOOMSIER	boomkweek en sierplanten	LC_MD_GROEN_KRU_SIE	Groenten, kruiden en sierplanten	MON_TEELTEN_LATE	0	1	0	0	1	0
2023	9602	Boomkweek - fruitkweek	MON_BOOMSIER	Boomkweek en sierplanten	MON_TYPE_BOOMSIER	boomkweek en sierplanten	LC_MD_GROEN_KRU_SIE	Groenten, kruiden en sierplanten	MON_TEELTEN_LATE	0	1	0	0	1	0
2023	9620	Andere kolen - vers	MON_ANDERE_SUBSIDIABELE_GEWASSEN_GROENTEN	Andere subsidiabele gewassen groenten - gebruik: perceelsmonitoring	MON_TYPE_BOUWLAND	bouwland	LC_MD_GROEN_KRU_SIE	Groenten, kruiden en sierplanten	MON_TEELTEN_LATE	0	0	0	1	1	0
2023	9710	Meerjarige fruitteelten (appel)	MON_FRUIT	MON_FRUIT	MON_TYPE_FRUIT	fruit	LC_MD_FRUIT_NOTEN	Fruit en Noten	MON_TEELTEN_LATE	0	1	1	0	1	0
2023	9711	Meerjarige fruitteelten (peer)	MON_FRUIT	MON_FRUIT	MON_TYPE_FRUIT	fruit	LC_MD_FRUIT_NOTEN	Fruit en Noten	MON_TEELTEN_LATE	0	1	1	0	1	0
2023	9713	Meerjarige fruitteelten (pruim)	MON_FRUIT	MON_FRUIT	MON_TYPE_FRUIT	fruit	LC_MD_FRUIT_NOTEN	Fruit en Noten	MON_TEELTEN_LATE	0	1	1	0	1	0
2023	9714	Andere meerjarige fruitteelten	MON_FRUIT	MON_FRUIT	MON_TYPE_FRUIT	fruit	LC_MD_FRUIT_NOTEN	Fruit en Noten	MON_TEELTEN_LATE	0	1	1	0	1	0
2023	9715	Druiven	MON_FRUIT	MON_FRUIT	MON_TYPE_FRUIT	fruit	LC_MD_FRUIT_NOTEN	Fruit en Noten	MON_TEELTEN_LATE	0	1	0	0	1	0
2023	9716	Wijnstokken	MON_FRUIT	MON_FRUIT	MON_TYPE_FRUIT	fruit	LC_MD_FRUIT_NOTEN	Fruit en Noten	MON_TEELTEN_LATE	0	1	0	0	1	0
2023	9717	Frambozen	MON_FRUIT	MON_FRUIT	MON_TYPE_FRUIT	fruit	LC_MD_FRUIT_NOTEN	Fruit en Noten	MON_TEELTEN_LATE	0	1	0	0	1	0
2023	9718	Rode bessen	MON_FRUIT	MON_FRUIT	MON_TYPE_FRUIT	fruit	LC_MD_FRUIT_NOTEN	Fruit en Noten	MON_TEELTEN_LATE	0	1	0	0	1	0
2023	9719	Stekelbessen	MON_FRUIT	MON_FRUIT	MON_TYPE_FRUIT	fruit	LC_MD_FRUIT_NOTEN	Fruit en Noten	MON_TEELTEN_LATE	0	1	0	0	1	0
2023	9720	Zwarte bessen	MON_FRUIT	MON_FRUIT	MON_TYPE_FRUIT	fruit	LC_MD_FRUIT_NOTEN	Fruit en Noten	MON_TEELTEN_LATE	0	1	0	0	1	0
2023	9721	Braambessen	MON_FRUIT	MON_FRUIT	MON_TYPE_FRUIT	fruit	LC_MD_FRUIT_NOTEN	Fruit en Noten	MON_TEELTEN_LATE	0	1	0	0	1	0
2023	9722	Blauwe bessen	MON_FRUIT	MON_FRUIT	MON_TYPE_FRUIT	fruit	LC_MD_FRUIT_NOTEN	Fruit en Noten	MON_TEELTEN_LATE	0	1	0	0	1	0
2023	9723	Andere bessen	MON_FRUIT	MON_FRUIT	MON_TYPE_FRUIT	fruit	LC_MD_FRUIT_NOTEN	Fruit en Noten	MON_TEELTEN_LATE	0	1	0	0	1	0
2023	9724	Aardbeiplanten	MON_AARDBEIEN	Aardbeien	MON_TYPE_BOUWLAND	bouwland	LC_MD_OVERIGE	Overige gewassen	MON_TEELTEN_LATE	0	0	0	1	1	0
2023	9725	Meerjarige fruitteelten (zoete kers, laagstam)	MON_FRUIT	MON_FRUIT	MON_TYPE_FRUIT	fruit	LC_MD_FRUIT_NOTEN	Fruit en Noten	MON_TEELTEN_LATE	0	1	1	0	1	0
2023	9726	Meerjarige fruitteelten (zoete kers, hoogstam)	MON_FRUIT	MON_FRUIT	MON_TYPE_FRUIT	fruit	LC_MD_FRUIT_NOTEN	Fruit en Noten	MON_TEELTEN_LATE	0	1	1	0	1	0
2023	9727	Meerjarige fruitteelten (zure kers)	MON_FRUIT	MON_FRUIT	MON_TYPE_FRUIT	fruit	LC_MD_FRUIT_NOTEN	Fruit en Noten	MON_TEELTEN_LATE	0	1	1	0	1	0
2023	9728	Meerjarige fruitteelten (perzik)	MON_FRUIT	MON_FRUIT	MON_TYPE_FRUIT	fruit	LC_MD_FRUIT_NOTEN	Fruit en Noten	MON_TEELTEN_LATE	0	1	1	0	1	0
2023	9729	Kiwibes	MON_FRUIT	MON_FRUIT	MON_TYPE_FRUIT	fruit	LC_MD_FRUIT_NOTEN	Fruit en Noten	MON_TEELTEN_LATE	0	1	0	0	1	0
2023	9730	Meerjarige fruitteelten hoogstam (appel)	MON_FRUIT	MON_FRUIT	MON_TYPE_FRUIT	fruit	LC_MD_FRUIT_NOTEN	Fruit en Noten	MON_TEELTEN_LATE	0	1	1	0	1	0
2023	9731	Meerjarige fruitteelten hoogstam (peer)	MON_FRUIT	MON_FRUIT	MON_TYPE_FRUIT	fruit	LC_MD_FRUIT_NOTEN	Fruit en Noten	MON_TEELTEN_LATE	0	1	1	0	1	0
2023	9811	Cichorei (inuline)	MON_CICHOREIACHTIGEN	Cichoreiachtigen	MON_TYPE_BOUWLAND	bouwland	LC_MD_OVERIGE	Overige gewassen	MON_TEELTEN_LATE	0	0	0	1	1	0
2023	9812	Cichorei (koffiesurrogaat)	MON_CICHOREIACHTIGEN	Cichoreiachtigen	MON_TYPE_BOUWLAND	bouwland	LC_MD_OVERIGE	Overige gewassen	MON_TEELTEN_LATE	0	0	0	1	1	0
2023	9821	Tabak	MON_TABAK	Tabak	MON_TYPE_BOUWLAND	bouwland	LC_MD_OVERIGE	Overige gewassen	MON_TEELTEN_LATE	0	0	0	1	1	0
2023	9822	Hop	MON_HOP	MON_HOP	MON_TYPE_HOP	hop	LC_MD_OVERIGE	Overige gewassen	MON_TEELTEN_LATE	0	1	0	0	1	0
2023	9823	Weiland met niet-oogstbare bomen (> 200 bomen per ha)	MON_BOS	MON_BOS	MON_TYPE_BOS	bos	LC_MD_GRASLAND	Grasland	MON_TEELTEN_LATE	0	1	1	0	0	1
2023	9825	Heide in natuurbeheer	MON_HEIDE	MON_HEIDE	MON_TYPE_HEIDE	heide	LC_MD_HOUTACHTIG	Houtachtige gewassen	MON_TEELTEN_LATE	0	1	1	0	0	1
2023	9827	Weiland met oogstbare hoogstam bomen (> 200 bomen/ha)	MON_GRASSEN	Grassen	MON_TYPE_GRASSEN	grassen	LC_MD_GRASLAND	Grasland	MON_TEELTEN_LATE	0	0	1	1	1	0
2023	9828	Natuurlijk grasland met onderhoud	MON_GRASSEN	Grassen	MON_TYPE_GRASSEN	grassen	LC_MD_GRASLAND	Grasland	MON_TEELTEN_LATE	0	0	0	1	1	0
2023	9829	Natuurlijk grasland zonder onderhoud	MON_GRASSEN_BRAAK_NIETSUB	MON_GRASSEN_BRAAK_NIETSUB	MON_TYPE_IGNORE_LPIS	Gewassen die worden opgevolgd in LPIS	LC_MD_GRASLAND	Grasland	MON_TEELTEN_LATE	0	0	0	0	0	1
2023	9831	Bloemenmengsel	MON_MENGSEL	Mengsel	MON_TYPE_BOUWLAND	bouwland	LC_MD_OVERIGE	Overige gewassen	MON_TEELTEN_LATE	0	0	0	1	1	0
